"","region","speed"
"1",1,0.139731519266845
"2",2,0.269616268451847
"3",3,0.377214397246632
"4",4,1.24506205491266
"5",5,1.51755099789759
"6",6,0.37773393323498
