"","region","speed"
"1",1,0.704822613796238
"2",2,0.746292876140112
"3",3,0.596775089154208
"4",4,0.383008982461212
"5",5,1.26472400542015
"6",6,1.00159762417265
