"","region","speed"
"1",1,0.483497819010452
"2",2,0.94759788791526
"3",3,0.289318917624661
