"","region","speed"
"1",1,0.435774800734821
"2",2,1.12229159485485
"3",3,0.251060364767975
