"","region","speed"
"1",1,0.559395086528568
"2",2,0.75032192195248
"3",3,0.55754247970185
"4",4,0.348259987986839
"5",5,1.23921943863287
"6",6,3.87159592373825
