"","region","speed"
"1",1,0.611859504587182
"2",2,0.41711390781444
"3",3,0.361839922972791
"4",4,0.673128088621611
"5",5,1.3619134389445
"6",6,0.828931228180073
