"","region","speed"
"1",1,0.358317202513092
"2",2,0.307281055580002
"3",3,0.361839922972791
"4",4,0.673128088621611
"5",5,1.3619134389445
"6",6,0.86834849449223
